{"cameraMode":{"drawMode":0,"name":"Shaded","section":"Shading Mode"},"sceneLighting":true,"audioPlay":false,"sceneViewState":{"showFog":true,"showMaterialUpdate":false,"showSkybox":false,"showFlares":true,"showImageEffects":true,"showParticleSystems":true},"in2DMode":false,"pivot":{"x":-218.38458251953126,"y":8.886972427368164,"z":-31.45322036743164},"rotation":{"x":0.23385843634605409,"y":-0.4715075194835663,"z":0.13074256479740144,"w":0.8402986526489258},"size":20.63848876953125,"orthographic":false}