{"cameraMode":{"drawMode":0,"name":"Shaded","section":"Shading Mode"},"sceneLighting":true,"audioPlay":false,"sceneViewState":{"showFog":true,"showMaterialUpdate":false,"showSkybox":false,"showFlares":true,"showImageEffects":true,"showParticleSystems":true},"in2DMode":false,"pivot":{"x":-154.58145141601563,"y":-0.7470187544822693,"z":-35.725677490234378},"rotation":{"x":0.3277861475944519,"y":-0.03954506292939186,"z":0.013300388120114804,"w":0.943938136100769},"size":31.75020980834961,"orthographic":false}