{"cameraMode":{"drawMode":0,"name":"Shaded","section":"Shading Mode"},"sceneLighting":true,"audioPlay":false,"sceneViewState":{"showFog":true,"showMaterialUpdate":false,"showSkybox":false,"showFlares":true,"showImageEffects":true,"showParticleSystems":true},"in2DMode":false,"pivot":{"x":-238.00677490234376,"y":2.3358969688415529,"z":-37.29767608642578},"rotation":{"x":0.3317336142063141,"y":-0.05643824115395546,"z":0.019461840391159059,"w":0.9415909051895142},"size":28.72314453125,"orthographic":false}