{"cameraMode":{"drawMode":0,"name":"Shaded","section":"Shading Mode"},"sceneLighting":true,"audioPlay":false,"sceneViewState":{"showFog":true,"showMaterialUpdate":false,"showSkybox":true,"showFlares":true,"showImageEffects":true,"showParticleSystems":true},"in2DMode":false,"pivot":{"x":-265.4779968261719,"y":-44.267578125,"z":116.16770935058594},"rotation":{"x":0.15509559214115144,"y":-0.36788979172706606,"z":0.06176958605647087,"w":0.9148813486099243},"size":95.86396026611328,"orthographic":false}