{"cameraMode":{"drawMode":0,"name":"Shaded","section":"Shading Mode"},"sceneLighting":true,"audioPlay":false,"sceneViewState":{"showFog":true,"showMaterialUpdate":false,"showSkybox":true,"showFlares":true,"showImageEffects":true,"showParticleSystems":true},"in2DMode":false,"pivot":{"x":-128.18475341796876,"y":-119.54708862304688,"z":103.88386535644531},"rotation":{"x":0.3531527519226074,"y":0.036552153527736667,"z":-0.014364369213581086,"w":0.9348580837249756},"size":131.65643310546876,"orthographic":false}