{"cameraMode":{"drawMode":0,"name":"Shaded","section":"Shading Mode"},"sceneLighting":false,"audioPlay":false,"sceneViewState":{"showFog":true,"showMaterialUpdate":false,"showSkybox":false,"showFlares":true,"showImageEffects":true,"showParticleSystems":true},"in2DMode":false,"pivot":{"x":0.010142087936401368,"y":4.580835342407227,"z":0.0034132003784179689},"rotation":{"x":0.2944970726966858,"y":-0.5275236368179321,"z":0.20140722393989564,"w":0.7710323333740234},"size":6.789131164550781,"orthographic":false}