{"cameraMode":{"drawMode":0,"name":"Shaded","section":"Shading Mode"},"sceneLighting":true,"audioPlay":false,"sceneViewState":{"showFog":true,"showMaterialUpdate":false,"showSkybox":false,"showFlares":true,"showImageEffects":true,"showParticleSystems":true},"in2DMode":false,"pivot":{"x":-149.93499755859376,"y":12.229999542236329,"z":-25.050006866455079},"rotation":{"x":0.322931706905365,"y":0.1104944571852684,"z":-0.038532935082912448,"w":0.9392759799957275},"size":36.15889358520508,"orthographic":false}