{"cameraMode":{"drawMode":0,"name":"Shaded","section":"Shading Mode"},"sceneLighting":false,"audioPlay":false,"sceneViewState":{"showFog":true,"showMaterialUpdate":false,"showSkybox":false,"showFlares":true,"showImageEffects":true,"showParticleSystems":true},"in2DMode":false,"pivot":{"x":0.016517162322998048,"y":1.4412286281585694,"z":-0.5179115533828735},"rotation":{"x":0.22794760763645173,"y":-0.56302809715271,"z":0.16510561108589173,"w":0.7770669460296631},"size":1.8211684226989747,"orthographic":false}